PC1,PC2,PC3
0.08252880775005295,0.06170895928335517,0.049241140887670995
0.050455744131379814,-0.012715863826690158,0.043543712680517155
0.050455744131379814,-0.012715863826690158,0.043543712680517155
0.050477411115760526,-0.012709615516580033,0.04354060061855728
0.060752956202279565,0.031173995485980537,0.019730645380041986
0.08250881496598378,0.061702862508254415,0.04923811600902868
0.050477411115760526,-0.012709615516580033,0.04354060061855728
0.06078776682588106,0.031187110814604967,0.01972798516611288
0.03552273609269317,-0.012274446894164088,-0.017703841632273204
0.01697053553492013,-0.05654704197294477,-0.006273303819938287
0.08075432532903093,-0.08297906418173817,0.03783527541400492
0.05925493319251597,-0.016067982746457172,0.016783083207109428
0.08281318371498785,-0.06562014388544103,-0.004306874076280581
0.08078138524755982,-0.08295894967276478,0.037835290542403414
0.03552273609269317,-0.012274446894164088,-0.017703841632273204
0.03554789507270874,-0.012265547940942109,-0.01770566107254679
0.016995334177273728,-0.05653860606777096,-0.0062755495072401545
0.0592350056668155,-0.016073772554797746,0.016787508626152206
0.08275605275029048,-0.06563733683988482,-0.004304565728357381
0.03554789507270874,-0.012265547940942109,-0.01770566107254679
0.019253545797349038,0.025627479416343125,0.022029669955135386
0.08275605275029048,-0.06563733683988482,-0.004304565728357381
-0.04170178246644088,-0.009545530427600661,0.0628749973931164
0.08281318371498785,-0.06562014388544103,-0.004306874076280581
0.03688096156727606,-0.06551526434482732,-0.02625840720532953
-0.04170178246644088,-0.009545530427600661,0.0628749973931164
-0.04167852036045012,-0.009537534969710264,0.06287522785917365
0.01922056504002276,0.025617720256058227,0.022028711980023714
0.01922056504002276,0.025617720256058227,0.022028711980023714
0.019253545797349038,0.025627479416343125,0.022029669955135386
-0.04167852036045012,-0.009537534969710264,0.06287522785917365
0.03684925932895558,-0.06552489694107026,-0.02625590840048718
-0.09066138386904044,0.10696352448707394,-0.04116815929118689
-0.03713223587071388,0.10088844198068707,-0.015993824081747078
-0.09066515840093081,0.10696187750943037,-0.041166869012522485
-0.03712355745382885,0.10089314773953709,-0.015999135389504454
-0.0734870388974561,0.05608094803316722,0.05420500139191751
-0.09066515840093081,0.10696187750943037,-0.041166869012522485
-0.09066138386904044,0.10696352448707394,-0.04116815929118689
-0.07346577609257562,0.05608965171296515,0.054195145210142466
-0.0708247051978754,-0.03706409800718944,-0.018707435858139304
-0.08212382971597665,-0.041101289496851226,0.04799025414307241
-0.043082146202165335,-0.006713566035491718,0.05520877608709254
-0.0708078133318745,-0.03708645431627649,-0.018707976150742336
-0.04303705590197346,-0.006671844459013274,0.05501002557089449
-0.04303705590197346,-0.006671844459013274,0.05501002557089449
-0.08212382971597665,-0.041101289496851226,0.04799025414307241
-0.07082470584924548,-0.037064098240837895,-0.01870743587192232
-0.08211173364377092,-0.041098457181686004,0.04798824099533174
-0.07080852991565456,-0.03708461066801348,-0.018707639829846183
-0.043082146202165335,-0.006713566035491718,0.05520877608709254
-0.08211173364377092,-0.041098457181686004,0.04798824099533174
-0.030914576849302218,-0.013985889472051486,0.02436580378879782
0.0028267693822840913,0.008922453463348332,-0.0001997722857424297
-0.030937385890818944,-0.014020176682530394,0.024575430104044452
-0.08547444113071553,-0.05360560179823243,0.008974848649191156
-0.06981571724890806,-0.03518664274113207,0.03436919193305067
0.002857966302821653,0.00893254632086363,-0.00021113669976018969
-0.0855227204653799,-0.05362166620065536,0.008976052076689951
0.0028267693822840913,0.008922453463348332,-0.0001997722857424297
0.002857966302821653,0.00893254632086363,-0.00021113669976018969
-0.06981571724890806,-0.03518664274113207,0.03436919193305067
-0.06986378235175923,-0.03520021435887106,0.034369081914760034
-0.06986378235175923,-0.03520021435887106,0.034369081914760034
-0.07650702280014549,-0.040782342745244796,0.0868195274290618
-0.011968085906410002,-0.051531745376688254,0.03178136289917871
-0.011968085906410002,-0.051531745376688254,0.03178136289917871
-0.01194443673601902,-0.05152354532398938,0.03178161427883111
-0.07726726820798246,-0.09329495764471671,-0.01953424717770985
-0.07650986045306211,-0.040783436596439473,0.0868191632479691
-0.01194443673601902,-0.05152354532398938,0.03178161427883111
-0.07727697685539127,-0.09329896090894732,-0.01953469679621781
-0.07291134266872441,-0.06599349245945253,-0.013479511092837427
-0.07727697685539127,-0.09329896090894732,-0.01953469679621781
-0.0647055716147111,-0.023372262672989287,-0.04257482852551606
0.014628064538752266,-0.08690939830046854,-0.013675619566738809
-0.06471645164533907,-0.023377028059251483,-0.042568181392558656
-0.06471211824112842,-0.02334220733154938,-0.04257824682227933
0.014639984902458502,-0.08690502050574932,-0.013675197865520343
-0.07726726820798246,-0.09329495764471671,-0.01953424717770985
-0.06472858748102335,-0.023348435797888922,-0.04257516435853194
-0.07286855519610803,-0.06597870779753577,-0.013486612099021248
-0.034612673990115646,-0.10901724448054703,0.03749149585026518
-0.034610936013934876,-0.10901642158175215,0.03748895442891144
-0.04861426667707338,0.013398732537489346,-0.07609067968542621
-0.034769008166416704,0.05539591287020885,-0.07922362678567527
-0.04859852939741534,0.013405926570188721,-0.07609652837218892
-0.07291134266872441,-0.06599349245945253,-0.013479511092837427
-0.03472901619372059,0.05541065544478252,-0.07923837317964712
-0.05097737954736113,0.022411091494752445,0.0006897082289144679
-0.07286855519610803,-0.06597870779753577,-0.013486612099021248
-0.05097371386306755,0.02241256084898658,0.0006847109377965347
0.00994127038006427,0.08980845154932737,-0.02697010520819613
-0.03472901619372059,0.05541065544478252,-0.07923837317964712
0.06079507529747631,0.08850314674912167,-0.0273550153330751
-0.034769008166416704,0.05539591287020885,-0.07922362678567527
0.009899284410455492,0.0897935716729332,-0.026968523336170003
0.060788432426922154,0.08849962960277084,-0.02735230852200943
0.009899284410455492,0.0897935716729332,-0.026968523336170003
0.00994127038006427,0.08980845154932737,-0.02697010520819613
0.060788432426922154,0.08849962960277084,-0.02735230852200943
0.06079507529747631,0.08850314674912167,-0.0273550153330751
0.07648177040482926,-0.0005636311775100078,-0.045155642762527995
0.07649032784869782,-0.0005612011228749722,-0.0451594709958684
-0.03531321713380287,0.032400593834353696,0.003924594859456404
-0.035311479400876575,0.032401416641674605,0.00392205289035554
-0.011169830834200985,-0.010222291009294244,-0.004229393792985024
0.05364707129769894,-0.04455457549974397,-0.01026662744243833
0.006025532789927421,-0.029390175971703274,0.039538632982775046
0.006025532789927421,-0.029390175971703274,0.039538632982775046
-0.011169830834200985,-0.010222291009294244,-0.004229393792985024
0.006054482906908492,-0.02938162104071107,0.03953645146221821
0.05362667929052091,-0.04456033365579597,-0.010263913863240258
0.006054482906908492,-0.02938162104071107,0.03953645146221821
-0.01118842399702185,-0.010227398155778502,-0.004229234104231778
-0.01118842399702185,-0.010227398155778502,-0.004229234104231778
0.018948171863342095,-0.024518263507386347,-0.043648830427133495
-0.011103049540984443,-0.032893021510944295,-0.042186230273758694
0.0221620527877395,-0.03150801168364399,-0.03567148971841903
-0.011118096508142356,-0.032896643887116966,-0.042189628452055455
-0.011103049540984443,-0.032893021510944295,-0.042186230273758694
0.022212818361342077,-0.03149365707500555,-0.03567104744185475
0.01891507055841355,-0.024530298181296782,-0.04364830622725134
-0.011118096508142356,-0.032896643887116966,-0.042189628452055455
0.08673267615423912,-0.04742516344870855,-0.01644180938328201
0.004166567327490771,-0.06856794605327331,-0.007852849940486678
0.09293731159496069,-0.038494489847750765,-0.014716880354119298
-0.06317136484706073,-0.08010052330026729,-0.03494650964268264
0.09290357445828397,-0.038487774252856495,-0.014714133142905032
0.08678950366750572,-0.047389323954719474,-0.016435607827843337
0.09290357445828397,-0.038487774252856495,-0.014714133142905032
0.09293731159496069,-0.038494489847750765,-0.014716880354119298
-0.06316017966567446,-0.08007726960475431,-0.03494147921930538
0.004132046616503146,-0.06855904365827947,-0.007855135298223426
-0.06317136484706073,-0.08010052330026729,-0.03494650964268264
-0.06316017966567446,-0.08007726960475431,-0.03494147921930538
-0.03922934735134227,-0.011695243059312908,-0.007906955066842448
-0.039222269458347635,-0.011691500103804868,-0.007907544470956967
-0.06400804228717082,0.03109382469949785,-0.053510431794655484
0.008397317854228972,-0.020474104314474387,0.05892987929899263
-0.039222269458347635,-0.011691500103804868,-0.007907544470956967
-0.06401535264064183,0.0310921428701143,-0.05350659581262908
0.008397317573205715,-0.020474104474789503,0.058929879526255016
-0.03922934735134227,-0.011695243059312908,-0.007906955066842448
-0.053783077074548935,-0.005475850108423723,0.01572356430907581
-0.06400804228717082,0.03109382469949785,-0.053510431794655484
-0.06401535264064183,0.0310921428701143,-0.05350659581262908
-0.05379015519540652,-0.005479593203602978,0.015724153942987165
-0.08954691449922933,0.016992396494717142,-0.02349922919180272
-0.06937543433373052,-0.027671621639078433,-0.017893317457627074
-0.1074073554052018,-0.01276881101377566,-0.04820349060533289
-0.06940684485977075,-0.027678867461054718,-0.017904540769291905
-0.10736680996089176,-0.01275619899159586,-0.04819957196405192
-0.08953908200546906,0.016995354319529234,-0.023501641163620676
-0.1074073554052018,-0.01276881101377566,-0.04820349060533289
-0.10736680996089176,-0.01275619899159586,-0.04819957196405192
0.0065374549104650695,0.05143625863224197,-0.032773140840489365
0.006544670928481287,0.051466535563994595,-0.03277825904312262
-0.051119863306830354,0.008204292884266157,-0.07014739608196581
0.009879698354936106,0.02405940886618885,0.020516155861122303
-0.0511001993266065,0.008212017189415647,-0.07015582793467298
0.009916396741813488,0.02403734528873942,0.020512669017462806
-0.051119863306830354,0.008204292884266157,-0.07014739608196581
-0.0511001993266065,0.008212017189415647,-0.07015582793467298
0.009916396117352047,0.02403734512559904,0.02051266822838694
0.009900619437763339,0.024065890908886167,0.0205183210141946
0.0065497173519849065,0.05144233560161778,-0.032781186835348204
0.006523081355164743,0.05145787965834174,-0.032768434033394286
0.11517482893577102,-0.05244371362589784,0.01764847954122319
0.10358191725658876,-0.08035828992960506,-0.008006548900274742
0.10362573515751092,-0.0803271167398967,-0.008004177646199555
0.11512189720746745,-0.05246127810459292,0.017650740065958844
0.028133272644873798,-0.06297343504907671,-0.01456301107666269
0.10358191725658876,-0.08035828992960506,-0.008006548900274742
0.028186203949669274,-0.06295587066435909,-0.014565271844978132
0.10362573515751092,-0.0803271167398967,-0.008004177646199555
0.0023318453127621173,-0.04500244637287615,-0.08447930097168115
0.002331844700236896,-0.04500244651668108,-0.08447930135796988
0.028133272644873798,-0.06297343504907671,-0.01456301107666269
0.028186203949669274,-0.06295587066435909,-0.014565271844978132
-0.005739806357223121,0.10635368599649246,0.07639696729844278
0.03114242979619093,0.06884684142235956,-0.0024074449225002462
-0.005737117507043183,0.1063550031045833,0.07639441227847733
0.03114476558476363,0.0688474673523455,-0.002408505337392385
-0.07117061299760707,0.010511559915588093,-0.060928666397442856
0.03114476558476363,0.0688474673523455,-0.002408505337392385
0.03114242979619093,0.06884684142235956,-0.0024074449225002462
-0.07118093953395954,0.010510175310652072,-0.06093381728454787
-0.07118093953395954,0.010510175310652072,-0.06093381728454787
-0.037179192159444256,0.026106996678186997,-0.010421086795243124
-0.07117061299760707,0.010511559915588093,-0.060928666397442856
-0.037177509420267825,0.026107198946638547,-0.010413849952247136
-0.07006161878700001,0.01565375294040452,0.019510716047554888
-0.07917866836790695,-0.0028136728005701134,0.04178069051179103
-0.07918597546545914,-0.0028153690732076863,0.041777458088328966
-0.07006703775483476,0.015652395037652995,0.019510947125095227
-0.04688370867555889,0.013644334123303941,0.032838613672999103
-0.04688024531002172,0.013645744654612229,0.032839381344888584
-0.04688024531002172,0.013645744654612229,0.032839381344888584
-0.04688370867555889,0.013644334123303941,0.032838613672999103
-0.07067050315835009,-0.005738192685281598,-0.002715521536056786
-0.046844469626115846,-0.0026727402735460086,-0.031183960738012
-0.07068167635472598,-0.005739880761446073,-0.0027163478931816268
-0.04683361409584861,-0.0026697750184734356,-0.03117500825054325
-0.07068167635472598,-0.005739880761446073,-0.0027163478931816268
-0.09214375921930015,0.01331753998554491,0.03732997765137513
-0.07067050315835009,-0.005738192685281598,-0.002715521536056786
-0.09214306137966098,0.013317607111334541,0.03732903903165355
0.03823562909633706,0.012770803424938061,-0.04826251274700233
0.03823599067010888,0.012770779995720693,-0.04826076975678159
-0.06525768001201403,-0.0020373287137059187,-0.02321892646892335
-0.030862759527897604,-0.01957674387098389,-0.017422012623527473
0.03823599067010888,0.012770779995720693,-0.04826076975678159
-0.06526161411610723,-0.0020199072363591784,-0.02321301031611699
0.03823562909633706,0.012770803424938061,-0.04826251274700233
-0.030859130398596262,-0.019575154252052716,-0.01742327352434994
-0.01035551639496745,0.0635161417217188,-0.027907203273994995
-0.04925159532403612,0.0740774203190221,-0.013384554613899195
-0.01035483724544202,0.06349684301036644,-0.027909800350309877
-0.0492581805024128,0.07411382394599374,-0.013378762799461978
-0.01035483724544202,0.06349684301036644,-0.027909800350309877
-0.07988302627645014,0.01687709920599935,-0.056855512376384414
-0.01035551639496745,0.0635161417217188,-0.027907203273994995
-0.07988635156918505,0.016857176775085365,-0.05685887423313214
0.04684929367525471,-0.04733277953394249,-0.02717965317233355
0.04683346409440279,-0.047337911190196064,-0.02717933242023134
0.04985098826397502,-0.05329537158534901,-0.08366010100550886
0.04985600731940096,-0.05329383141845126,-0.08366003809834899
0.04683346409440279,-0.047337911190196064,-0.02717933242023134
0.04985600731940096,-0.05329383141845126,-0.08366003809834899
0.04684929367525471,-0.04733277953394249,-0.02717965317233355
0.04985098826397502,-0.05329537158534901,-0.08366010100550886
-0.06340521763663934,0.02534541099551528,-0.003734182242214407
0.024538186899557425,0.021973942786509625,-0.013988629901220753
-0.06340283554475325,0.025346590039265367,-0.003735524365521119
-0.06340521763663934,0.02534541099551528,-0.003734182242214407
-0.06340283554475325,0.025346590039265367,-0.003735524365521119
0.02454320494423578,0.021975482649976792,-0.013988566837371576
0.016600718747212966,-0.023673902278935226,-0.0571969138361661
0.016604247847533248,-0.023672738006101687,-0.05719697297431507
-0.05184637365061287,-0.03766270898219547,-0.005484329132584905
0.016600718747212966,-0.023673902278935226,-0.0571969138361661
-0.05184984665145886,-0.037663376348041344,-0.005485745283465636
0.016604247847533248,-0.023672738006101687,-0.05719697297431507
-0.05184984665145886,-0.037663376348041344,-0.005485745283465636
-0.0500865761504494,-0.08342961322283846,0.010878369274875625
0.013513952636883228,-0.03820851913773553,-0.04225713150803934
0.09243995837288413,-0.0583311960118687,0.005926727717677219
-0.05184637365061287,-0.03766270898219547,-0.005484329132584905
0.013496188447895165,-0.03821412600571849,-0.04224584176877296
-0.05008487281186416,-0.08342914707132126,0.010878877625357095
0.0924132536433758,-0.05833965614648914,0.00593185480472664
0.056307600649796084,-0.07451260162317536,-0.02287738276958453
0.07470003167742291,-0.048058108846581765,0.030359663226145334
0.06692773285956435,-0.059174519830307026,-0.01166156986617592
0.07468644595933627,-0.04806323093651211,0.0303442532742642
0.056305385429330355,-0.07451340986357229,-0.02287729221732633
0.06691570270423554,-0.059178478123058084,-0.011658241488021087
0.07469151590929636,-0.048060764552751545,0.030354326241606545
0.0746970905582715,-0.048059911357791224,0.03035092433852154
0.07790953290191117,-0.08404333552323032,-0.03481811295879418
0.08504005417920651,-0.05661345509945648,-0.013245045585720101
0.07791465113658036,-0.08404188690708755,-0.034817824651733824
0.0850578565444397,-0.05660768985045722,-0.013250962508327975
0.015085001950281162,-0.021967066508645987,-0.043139255762283536
0.015080043840077852,-0.021968872061069206,-0.04313122207801154
-0.04634425407831863,-0.02843882406614396,0.0138590234371735
0.007059840187905675,-0.02600081618204533,-0.020506732532862667
0.015080043840077852,-0.021968872061069206,-0.04313122207801154
-0.04634331914292475,-0.028438635122517687,0.013872067581553786
0.015085001950281162,-0.021967066508645987,-0.043139255762283536
0.007049939687157506,-0.026004110311855944,-0.02050206998061485
0.026728908990926024,-0.01820291619346277,0.05760081268890444
0.022203214724659987,0.0027037458346974913,0.03291737752514647
0.0267118556873061,-0.01820816891733341,0.05759298801694595
0.022201512449961776,0.0027028947867047673,0.03291463646766725
0.026728908990926024,-0.01820291619346277,0.05760081268890444
0.009311344757306996,-0.01735001732923058,0.024852134677799002
0.022203214724659987,0.0027037458346974913,0.03291737752514647
0.020182753304815396,0.02214194361975769,0.03631977894202752
0.0267118556873061,-0.01820816891733341,0.05759298801694595
0.022201512449961776,0.0027028947867047673,0.03291463646766725
0.009322684993121864,-0.017346400208855983,0.024851943743747825
0.020179837988348624,0.022141004016774185,0.03631942505907812
0.018937211220411122,-0.018522309316521202,-0.01467546489370656
-0.024027501615549486,-0.06334093952365358,0.042339232961729825
0.01894249749443121,-0.018520763351729162,-0.014674963715278678
-0.024026243451107314,-0.06334047284312055,0.0423392524782671
-0.014593771173777182,-0.04668010603779201,0.03475729046064588
-0.009133447045563367,-0.02284370031219776,0.0408513689399199
-0.014589068853463356,-0.04667845811585869,0.034756957635473436
-0.009134619890621618,-0.022844106168237767,0.04085113278137882
0.01573688225590837,-0.06867324721047703,0.0030910335639652404
-0.024027501615549486,-0.06334093952365358,0.042339232961729825
0.01574090831130325,-0.06867216853329623,0.003091515127150525
-0.024026243451107314,-0.06334047284312055,0.0423392524782671
-0.053099926288460254,0.03111171743131352,0.013809299492376383
-0.053099926288460254,0.03111171743131352,0.013809299492376383
-0.028040041094449075,0.019347186774233097,0.023963406563272317
-0.0696587264628332,0.067157330306516,0.03791255120578592
-0.05310617095745478,0.0311099337748117,0.013808439041750949
-0.028042159907167786,0.019348546248169392,0.023963741052266972
-0.05310617095745478,0.0311099337748117,0.013808439041750949
-0.06965695837164806,0.0671575310784701,0.03791345878785083
-0.028040041094449075,0.019347186774233097,0.023963406563272317
-0.08715139850883197,0.026097949722932858,0.056086269915599035
-0.07359736892296526,-0.014451207404075544,0.007870659365468206
-0.011215807581535779,-0.004115341176233141,0.05365051203259331
-0.011214357020765318,-0.0041126820942725215,0.05365133202843757
-0.08713680445986839,0.026102958102307054,0.05608468362654335
-0.011214357020765318,-0.0041126820942725215,0.05365133202843757
-0.07360413173957495,-0.014453258419407972,0.007869833666122511
-0.011215807581535779,-0.004115341176233141,0.05365051203259331
-0.08715139850883197,0.026097949722932858,0.056086269915599035
-0.028042159907167786,0.019348546248169392,0.023963741052266972
-0.08713680445986839,0.026102958102307054,0.05608468362654335
-0.01822839911174201,0.008120459234441029,0.02092202924832734
-0.01822895754275303,0.008120150611837608,0.020922494764775753
0.01590880374558272,0.03202174662324807,-0.022261610486563617
0.01590880374558272,0.03202174662324807,-0.022261610486563617
-0.01822895754275303,0.008120150611837608,0.020922494764775753
0.01591023729063887,0.03202223289366521,-0.02226150034613031
-0.01822839911174201,0.008120459234441029,0.02092202924832734
0.01591023729063887,0.03202223289366521,-0.02226150034613031
-0.00855748152760131,0.037222149281644995,-0.009005580277219974
0.06767302532556056,0.07256479211951723,0.030733274142418145
-0.008558559388654964,0.037221677075947104,-0.009005549705496635
0.06767839463833059,0.07256639805773342,0.030733558790917784
0.02502950762716221,0.049757193444448386,0.015376119623651749
-0.008558559388654964,0.037221677075947104,-0.009005549705496635
0.1354835282575708,0.07283330224377017,-0.040160157077432396
0.06767839463833059,0.07256639805773342,0.030733558790917784
0.025033821272241383,0.04975870492038585,0.015375269160312493
0.13548611159321244,0.07283402180879302,-0.0401602691293665
-0.00855748152760131,0.037222149281644995,-0.009005580277219974
0.06767302532556056,0.07256479211951723,0.030733274142418145
0.05717745125356135,0.04225825327403929,0.030062982085758343
0.07532738238468717,0.049869850356805925,0.008825581580025877
0.05717745125356135,0.04225825327403929,0.030062982085758343
0.07357385078470924,-0.005178987546207194,0.07165902871597349
0.001332002830994459,-0.006684506250596544,0.008062653753052089
0.13548611159321244,0.07283402180879302,-0.0401602691293665
0.05716898813616254,0.04225599347637209,0.030057693076671124
0.07533584485715494,0.049872109970906575,0.008830870209587414
0.07359053752602342,-0.0051755220144035115,0.07166782757541036
0.05716898813616254,0.04225599347637209,0.030057693076671124
0.0013394785617654621,-0.006682841549263968,0.00806470464638221
0.1354835282575708,0.07283330224377017,-0.040160157077432396
0.08536938103982497,0.05532858906845107,-0.024548377024583956
-0.04639365364026029,0.05859608542275862,0.01317475296451892
0.001332002830994459,-0.006684506250596544,0.008062653753052089
-0.05333482245175625,0.09490260318218137,0.0367952608983578
0.0853664884166051,0.05532794980508722,-0.02455116787314625
0.0013394785617654621,-0.006682841549263968,0.00806470464638221
-0.0463891116082942,0.058597864854031304,0.013169526651571825
-0.05334268914302727,0.09490063098093955,0.03679036867617648
-0.04639365364026029,0.05859608542275862,0.01317475296451892
0.025390083354378187,0.07586512642403904,0.0008533880056868729
0.004834003107160005,-0.015881012671673928,0.05235521779197267
-0.013969611488665986,0.07399822850523784,-0.009796901175677756
0.08512398280621536,-0.025240505574881254,0.03223209809504831
-0.013961270046339888,0.07399962709802362,-0.0097918390137775
-0.0463891116082942,0.058597864854031304,0.013169526651571825
0.004820326464050154,-0.01588795118564494,0.05235660999758657
-0.013961270046339888,0.07399962709802362,-0.0097918390137775
0.025388314451073535,0.07586492542057519,0.000852480313188117
-0.013969611488665986,0.07399822850523784,-0.009796901175677756
0.08513256792804014,-0.02523781689260197,0.032234342954751215
0.08512398280621536,-0.025240505574881254,0.03223209809504831
0.020279784694231133,0.004748658643273835,0.046415644334072116
0.004820326464050154,-0.01588795118564494,0.05235660999758657
0.04869402013554342,0.005022323492290313,0.003962451808022948
0.02023432512732752,0.0047348156711538684,0.046415999122452686
0.08513256792804014,-0.02523781689260197,0.032234342954751215
0.004834003107160005,-0.015881012671673928,0.05235521779197267
0.04867607216012344,0.005016756704729513,0.003961087830739345
0.013898996102078847,0.06298417911720493,0.061174505840031194
0.013898995661273686,0.062984178974813,0.061174505961911076
0.013898995661273686,0.062984178974813,0.061174505961911076
0.013898996102078847,0.06298417911720493,0.061174505840031194
0.035088934812483416,0.06721860541452385,0.0013105289032292033
0.008775889886440551,0.07421375501238463,-0.04400029204324086
0.03494137407568112,0.07406534268661429,0.027521333482769493
0.035088934812483416,0.06721860541452385,0.0013105289032292033
0.008864277779877291,0.07424200864123993,-0.04400086504097791
0.035040843919177535,0.06720347691545339,0.0013085251963339383
0.034909441908760316,0.07405443399990916,0.027523310401330485
0.035040843919177535,0.06720347691545339,0.0013085251963339383
0.14667031185517354,0.05974058625963685,-0.03801212815336014
0.044793656688958065,0.05884590411514038,0.02987178574194334
0.10153591969302812,0.013876008789792092,0.011108372926327836
0.12312777767917996,0.020088233533490527,0.037001409789974196
0.10153572320581883,0.013879127729867194,0.011110134005435642
0.14669400798303675,0.059748807166259285,-0.03800977969580066
0.04480909128353658,0.058850247976293964,0.029866539052347756
0.14669400798303675,0.059748807166259285,-0.03800977969580066
0.10153572320581883,0.013879127729867194,0.011110134005435642
0.12310952279867976,0.02008295954612087,0.036995843047896
0.10153591969302812,0.013876008789792092,0.011108372926327836
0.14667031185517354,0.05974058625963685,-0.03801212815336014
0.06075886623676951,0.031127986416368922,0.019726022287468826
0.08252253910475223,0.06162809718732617,0.04923366147076923
0.06079146974766888,0.031139638247133013,0.01972176987192095
0.08253982965429565,0.061632835311305464,0.049234661021928
0.05046474198011348,-0.012729542375015987,0.04354125940328277
0.05046474198011348,-0.012729542375015987,0.04354125940328277
0.050488635358806835,-0.012722281481050243,0.04353562909369763
0.050488635358806835,-0.012722281481050243,0.04353562909369763
0.03555278846027985,-0.012319517518581475,-0.017712927910643862
0.035577758842345916,-0.012310806590477964,-0.01771097795331586
0.017008700933991452,-0.05655874835272883,-0.006275398770105687
0.035577758842345916,-0.012310806590477964,-0.01771097795331586
0.03555278846027985,-0.012319517518581475,-0.017712927910643862
0.016983730548470043,-0.05656745921329966,-0.00627734910219007
0.08076413033372219,-0.08297721324930013,0.037833995855012105
0.05926407129311066,-0.01608110671645768,0.01678079728266186
0.08281889558693743,-0.06562519054842487,-0.004305175645395459
0.08079176200751617,-0.08297169069915815,0.03783408232709243
0.05924608422486412,-0.016086420615765186,0.016790326270880992
0.0827692269819904,-0.06563989673637849,-0.00430481879066146
0.03687098108723882,-0.0654869633344547,-0.02625761991704645
0.019200167190700897,0.025677642256410727,0.02203173480697565
0.036841018571322576,-0.06549613731702797,-0.02625380761692429
0.01923681317957879,0.025688870609202025,0.022027695210063227
0.0827692269819904,-0.06563989673637849,-0.00430481879066146
-0.04169542475318247,-0.009558296280158434,0.06287179097771374
0.08281889558693743,-0.06562519054842487,-0.004305175645395459
-0.04167288006118143,-0.009548457514475965,0.06287235803603602
0.019200167190700897,0.025677642256410727,0.02203173480697565
0.01923681317957879,0.025688870609202025,0.022027695210063227
-0.04169542475318247,-0.009558296280158434,0.06287179097771374
-0.04167288006118143,-0.009548457514475965,0.06287235803603602
-0.07347747623838984,0.05606314707718823,0.05419511452459802
-0.09064175701700002,0.10692195933189122,-0.041167772628569306
-0.07345417565444573,0.05607267526730812,0.05418650985825925
-0.0906354740899671,0.10692133440259871,-0.04116415544854986
-0.037121997756876995,0.1008787205900307,-0.015990873683279363
-0.09064175701700002,0.10692195933189122,-0.041167772628569306
-0.037114679509998375,0.10088003193638845,-0.01599392551013811
-0.0906354740899671,0.10692133440259871,-0.04116415544854986
-0.08212651959120223,-0.041102413294455985,0.04799252214663151
-0.0708078133318745,-0.03708645431627649,-0.018707976150742336
-0.0821126546156924,-0.04109937997582708,0.04799141669139007
-0.0821126546156924,-0.04109937997582708,0.04799141669139007
-0.07080852991565456,-0.03708461066801348,-0.018707639829846183
-0.08212651959120223,-0.041102413294455985,0.04799252214663151
-0.04306409252790995,-0.006729453999384084,0.055001362567720175
-0.07082470584924548,-0.037064098240837895,-0.01870743587192232
-0.04302954746533713,-0.006717325846759327,0.05500221400702321
-0.04302954746533713,-0.006717325846759327,0.05500221400702321
-0.0708247051978754,-0.03706409800718944,-0.018707435858139304
-0.04306409252790995,-0.006729453999384084,0.055001362567720175
0.0028570206564495224,0.00893334965571383,-0.00020079708765008593
-0.08545819487602793,-0.05365167036316185,0.00897295445317026
-0.06979643211701744,-0.035237561357508135,0.03436655545574395
-0.08550562481516202,-0.05366667655498363,0.008973433359510674
-0.06984485451217767,-0.03525168100409259,0.03436422126358637
-0.03091229683103791,-0.01399817409306725,0.024364584542039307
0.002825841875262201,0.008923507433521112,-0.00019659732842462144
-0.03091168960566576,-0.013997671703757564,0.024364791238496608
0.0028570206564495224,0.00893334965571383,-0.00020079708765008593
-0.06979643211701744,-0.035237561357508135,0.03436655545574395
-0.06984485451217767,-0.03525168100409259,0.03436422126358637
0.002825841875262201,0.008923507433521112,-0.00019659732842462144
-0.07728761808176567,-0.09326900363318104,-0.019531178730586435
-0.07650583248489075,-0.04077633213171959,0.0868167611311807
-0.07729911405999311,-0.0932731564833061,-0.01953253231074093
-0.07650121119247477,-0.04078733218972375,0.08681507582519063
-0.011961488240586756,-0.05151400246396188,0.03177878271716853
-0.011961488240586756,-0.05151400246396188,0.03177878271716853
-0.011938270297722653,-0.05150588338486493,0.03177902089968149
-0.011938270297722653,-0.05150588338486493,0.03177902089968149
-0.0647055716147111,-0.023372262672989287,-0.04257482852551606
-0.07728761808176567,-0.09326900363318104,-0.019531178730586435
-0.06471645164533907,-0.023377028059251483,-0.042568181392558656
-0.07729911405999311,-0.0932731564833061,-0.01953253231074093
-0.06471211824112842,-0.02334220733154938,-0.04257824682227933
0.014629408727429034,-0.0869249638733324,-0.013667657589710808
-0.06472858748102335,-0.023348435797888922,-0.04257516435853194
0.014656355763741025,-0.0869159167036711,-0.013668572532611077
-0.07293240838890841,-0.0659463988852018,-0.013472576783126347
-0.07289162710492647,-0.0659330603759543,-0.01347747977432342
-0.03460578670823882,-0.10903412983448618,0.037489660579327455
-0.034604048732057816,-0.10903330693569127,0.037487119157973856
-0.07293240838890841,-0.0659463988852018,-0.013472576783126347
-0.050963116596405324,0.022401647351734336,0.0006852535140876833
-0.07289162710492647,-0.0659330603759543,-0.01347747977432342
-0.050959607517954905,0.022402307130595454,0.0006874749827727933
-0.04862978196044739,0.013430093145923533,-0.07609275953544192
-0.03476558583373505,0.05539901904311998,-0.07921647738633122
-0.048618091476993086,0.013435380407265123,-0.0761015165221762
-0.034704358154710784,0.05541875169608265,-0.07921248035598771
0.00987309369044952,0.08977719687547366,-0.026978955060845362
0.00987309369044952,0.08977719687547366,-0.026978955060845362
0.009933158022929035,0.08979429213497579,-0.026971439287494868
0.009933158022929035,0.08979429213497579,-0.026971439287494868
-0.034704358154710784,0.05541875169608265,-0.07921248035598771
0.06078970393865317,0.08849230785703797,-0.02735313628584182
-0.03476558583373505,0.05539901904311998,-0.07921647738633122
0.06078070657054195,0.0884900481975779,-0.027351618310279553
0.07645965423364307,-0.0004853996204997272,-0.04514815405127344
0.07648243905438279,-0.0004800184218800886,-0.04515431009683116
0.06078070657054195,0.0884900481975779,-0.027351618310279553
0.06078970393865317,0.08849230785703797,-0.02735313628584182
-0.03533686599068705,0.03244428694413865,0.003929982711836879
-0.03533500729787844,0.032444760303283623,0.003927418085659467
-0.011149629728164811,-0.010249526398390729,-0.004232181660531819
0.05362350307290801,-0.04449079656734237,-0.010264024468864479
-0.011158682836670701,-0.010251302990984677,-0.004233514474713842
0.053636422956678455,-0.04448753318783637,-0.010263899417132957
0.006029055090073234,-0.029416938165285865,0.03953366627855979
0.006029055090073234,-0.029416938165285865,0.03953366627855979
0.006052461211811624,-0.029410231393890332,0.039531867387991214
0.006052461211811624,-0.029410231393890332,0.039531867387991214
-0.011149629728164811,-0.010249526398390729,-0.004232181660531819
-0.011158682836670701,-0.010251302990984677,-0.004233514474713842
-0.011111935103317868,-0.03283972421099386,-0.04217677530868002
0.018890011096868626,-0.02446217520572483,-0.043648624011958306
-0.011117378076223507,-0.03284055172266262,-0.04217782311173347
0.01893475417511334,-0.024446521156988435,-0.043645546321161036
-0.011111935103317868,-0.03283972421099386,-0.04217677530868002
0.022302111966799442,-0.03139495803998152,-0.035340783422223854
-0.011117378076223507,-0.03284055172266262,-0.04217782311173347
0.022352877456380524,-0.031380603129999976,-0.03534034073762755
0.004160380277851548,-0.06861536915126266,-0.007863479233371584
-0.06314741760981599,-0.08008711569776292,-0.03494213012755226
0.0041906586020014625,-0.06860605481974824,-0.007858806219289085
-0.06316458490044445,-0.08009261128043738,-0.03494608638986309
0.09290697629418786,-0.03850244325416317,-0.014716676165042067
0.09290697629418786,-0.03850244325416317,-0.014716676165042067
0.09294593606889913,-0.038489002859464654,-0.014714919900928925
0.09294593606889913,-0.038489002859464654,-0.014714919900928925
-0.06316458490044445,-0.08009261128043738,-0.03494608638986309
-0.06314741760981599,-0.08008711569776292,-0.03494213012755226
0.0867453121450284,-0.04742449923148544,-0.016445984445384292
0.08679664803429188,-0.047409439642772014,-0.01644462995693177
-0.053802209999826475,-0.005434384721108195,0.015727319698003322
-0.0392643725319552,-0.01161221980228492,-0.00790140137427706
-0.063994651515313,0.031098029759849564,-0.05351348912458538
-0.03925729463896066,-0.011608476846776912,-0.007901990778391637
-0.03925729463896066,-0.011608476846776912,-0.007901990778391637
0.008427299674545941,-0.020535580891768445,0.058930455169571974
-0.0392643725319552,-0.01161221980228492,-0.00790140137427706
-0.06399062115947252,0.031099965193450683,-0.05350984378640635
-0.063994651515313,0.031098029759849564,-0.05351348912458538
-0.05380928812068406,-0.0054381278162874466,0.015727909331914685
-0.06399062115947252,0.031099965193450683,-0.05350984378640635
0.008427299955569205,-0.020535580731453323,0.058930454942309585
-0.06941899193714295,-0.02765869825587262,-0.017894112946927814
-0.06937860898594347,-0.027648074188119598,-0.01788454181317097
-0.10740788380900722,-0.012761990984218069,-0.04820534515769856
-0.10737462997823144,-0.012752262041176465,-0.04819876598459161
-0.08954668171882185,0.01700283035420335,-0.023503296453625776
-0.0895405289718626,0.017002292798102968,-0.023503867562172223
-0.10740788380900722,-0.012761990984218069,-0.04820534515769856
-0.10737462997823144,-0.012752262041176465,-0.04819876598459161
0.0065497173519849065,0.05144233560161778,-0.032781186835348204
-0.05107528556831613,0.00819593665052173,-0.0703637380173448
0.009916396741813488,0.02403734528873942,0.020512669017462806
-0.051095464571525,0.008185604339002695,-0.07035594038353553
0.009916396117352047,0.02403734512559904,0.02051266822838694
-0.05107528556831613,0.00819593665052173,-0.0703637380173448
0.009900619437763339,0.024065890908886167,0.0205183210141946
-0.051095464571525,0.008185604339002695,-0.07035594038353553
0.009879698354936106,0.02405940886618885,0.020516155861122303
0.006523081355164743,0.05145787965834174,-0.032768434033394286
0.006544670928481287,0.051466535563994595,-0.03277825904312262
0.0065374549104650695,0.05143625863224197,-0.032773140840489365
0.10364457281659657,-0.08033376750004283,-0.007999059431944781
0.10359426446387288,-0.08034947480621754,-0.008001144511792149
0.028213402194084667,-0.06298454199705981,-0.01456820978183323
0.028173023488315383,-0.06299815085069731,-0.01456521921464737
0.10359426446387288,-0.08034947480621754,-0.008001144511792149
0.10364457281659657,-0.08033376750004283,-0.007999059431944781
0.0023545175159544393,-0.04500222731706216,-0.08448050548069126
0.002354518526701056,-0.045002227013631844,-0.08448050563738055
0.028213402194084667,-0.06298454199705981,-0.01456820978183323
0.028173023488315383,-0.06299815085069731,-0.01456521921464737
0.1151392484039592,-0.052430297679830824,0.01765312876902281
0.11516828663519163,-0.052420306084571884,0.01765032936540201
-0.005712952146589453,0.10631238171062775,0.07639166895330513
-0.005702279328295251,0.10631541948017889,0.07639354283656571
0.031137299458971604,0.0688463027481323,-0.0024058443092728875
0.031144038173422803,0.06884839374693015,-0.002404741763639728
-0.07120205636323089,0.01058640885024271,-0.060926737801744145
-0.0712049570281189,0.01058725454457577,-0.06093114054803618
0.031137299458971604,0.0688463027481323,-0.0024058443092728875
0.031144038173422803,0.06884839374693015,-0.002404741763639728
-0.07120205636323089,0.01058640885024271,-0.060926737801744145
-0.037172946460943775,0.026116174198698865,-0.010409160176228442
-0.04685425207913796,0.01359830163601055,0.03284646934678334
-0.03718430497220633,0.026113106840896932,-0.01041590236218415
-0.04686380544390035,0.01359560702531619,0.03284366255160687
-0.07006666815942537,0.015682644081653145,0.019505491537146792
-0.04685425207913796,0.01359830163601055,0.03284646934678334
-0.07006668544194183,0.015682697540785422,0.019505494760388292
-0.07916441516100778,-0.0028012078471777464,0.041783773113013664
-0.0712049570281189,0.01058725454457577,-0.06093114054803618
-0.07917578644361088,-0.002804239947016382,0.041777032953257805
-0.04686380544390035,0.01359560702531619,0.03284366255160687
-0.09212660712884244,0.013318400383288222,0.037330866792594807
-0.09212053194505017,0.013320114141110126,0.03733471393375178
-0.07068022272963749,-0.0057159697753768855,-0.002721141227741421
-0.07069173619114597,-0.005718559160884265,-0.0027240610383567915
-0.0468368906704748,-0.002674065486876276,-0.03118630789571456
-0.04682705294972715,-0.002671192075644074,-0.031182116244307414
-0.07069173619114597,-0.005718559160884265,-0.0027240610383567915
-0.07068022272963749,-0.0057159697753768855,-0.002721141227741421
-0.06527056527929366,-0.0020539650041520325,-0.023216007914471797
-0.03085932539876965,-0.019580339382862574,-0.0174218829669857
0.03824044088463882,0.01273593348210656,-0.048269982213137025
0.03824237045459287,0.012736444041881423,-0.048265979070716655
0.03824237045459287,0.012736444041881423,-0.048265979070716655
0.03824044088463882,0.01273593348210656,-0.048269982213137025
-0.04924489034436728,0.07402920688563644,-0.013385895163726867
-0.04924250638126,0.07402782595483354,-0.013388668205434356
-0.01032826524858809,0.06344166680249355,-0.027908315038166043
-0.010322732009319395,0.06344353206585403,-0.027911884556840988
-0.06527266109124705,-0.002050203202908093,-0.023216737560659024
-0.03085960754285407,-0.01958273794955303,-0.017418381358677643
-0.010322732009319395,0.06344353206585403,-0.027911884556840988
-0.01032826524858809,0.06344166680249355,-0.027908315038166043
0.04984664279954337,-0.0532882430793394,-0.08365717333801478
0.049846433132967924,-0.05328832506300688,-0.08365752009521386
0.049846433132967924,-0.05328832506300688,-0.08365752009521386
0.04984664279954337,-0.0532882430793394,-0.08365717333801478
0.046854634751040694,-0.04736950732825116,-0.02718242154472536
0.04684926802109461,-0.047371216768500576,-0.027182237729401662
0.04684926802109461,-0.047371216768500576,-0.027182237729401662
0.046854634751040694,-0.04736950732825116,-0.02718242154472536
-0.07990724838193325,0.016863429199828472,-0.05685872654436444
-0.07990483652219807,0.01686676471765499,-0.056858812562207636
0.02452515162421657,0.021955753140402122,-0.013988364054953663
0.0245266627453059,0.021956182675006534,-0.013987393941711153
-0.06338048400586968,0.02530197321582963,-0.003734632936421168
-0.06338602320980644,0.025300269286730053,-0.0037351300285145233
0.016596797050531954,-0.023669028525873617,-0.0571943107887499
0.016604197349294778,-0.023667241708310343,-0.057192088912912706
-0.06338602320980644,0.025300269286730053,-0.0037351300285145233
-0.06338048400586968,0.02530197321582963,-0.003734632936421168
-0.05011828045255046,-0.08335819881522757,0.010890294509322353
-0.05188821259274999,-0.037549789967518316,-0.005480778858053258
0.016604197349294778,-0.023667241708310343,-0.057192088912912706
0.09242005305947444,-0.05834082435359419,0.00593507021334299
0.09241450125802145,-0.05834253735265986,0.005939176894161775
-0.051888078036690495,-0.037549889466626483,-0.005479747363062
-0.05011667452724891,-0.08335764049158469,0.010890576617510882
0.013492919902807755,-0.03816964153252306,-0.042231274424282775
-0.05188821259274999,-0.037549789967518316,-0.005480778858053258
0.016596797050531954,-0.023669028525873617,-0.0571943107887499
0.013482938868998864,-0.0381728739664785,-0.04222192199338411
-0.051888078036690495,-0.037549889466626483,-0.005479747363062
0.0850637330784796,-0.05660814082327249,-0.013251810630544427
0.07791010824651193,-0.08409232898430596,-0.034821615200380865
0.07790761083262508,-0.08409301426117143,-0.0348217602152395
0.06690568252359451,-0.05918166469712306,-0.011618828903262378
0.07469151590929636,-0.048060764552751545,0.030354326241606545
0.0669101699619483,-0.059180046579252785,-0.01163675772090838
0.07470003167742291,-0.048058108846581765,0.030359663226145334
0.08504579880213367,-0.05661395090867835,-0.013246676944116827
0.056303567703345866,-0.0745443799938218,-0.022884370006042445
0.07468644595933627,-0.04806323093651211,0.0303442532742642
0.05630475345862219,-0.07454431391886095,-0.022881555870770176
0.0746970905582715,-0.048059911357791224,0.03035092433852154
0.015058098264357538,-0.021893095825221233,-0.04313582440448434
0.015057458118484988,-0.02189371414626567,-0.04314246279456014
0.015057458118484988,-0.02189371414626567,-0.04314246279456014
0.015058098264357538,-0.021893095825221233,-0.04313582440448434
-0.04635059379398357,-0.028426664063673883,0.013866333647527727
0.007014836565657361,-0.026013969974852266,-0.020464731978179027
-0.046374813402977055,-0.028434151808977463,0.01386940483506582
0.007042183329348397,-0.02600552828691553,-0.020472201068910637
0.026716563248453423,-0.018203964431713,0.057592186160979233
0.026730306143742118,-0.01819942019089966,0.05759910417699618
0.022196101567948066,0.0027049968344010277,0.032921201594403746
0.020176376827509175,0.02214510893968366,0.03632427615333468
0.022190333085704946,0.002703183429890526,0.03291600606832269
0.020173629763049997,0.022144266727613708,0.03632413483082317
0.026716563248453423,-0.018203964431713,0.057592186160979233
0.009304218408682724,-0.017328421853022857,0.024841858042308623
0.026730306143742118,-0.01819942019089966,0.05759910417699618
0.00930625729078362,-0.01732759696832666,0.024843109449930956
0.022196101567948066,0.0027049968344010277,0.032921201594403746
0.022190333085704946,0.002703183429890526,0.03291600606832269
-0.009142489230791011,-0.022842389122043397,0.04085540958359558
-0.009145843318050384,-0.022843584795050855,0.040856109199947074
-0.014606908825467934,-0.0466426793738428,0.03477448298682942
-0.014613546159520239,-0.046644830286622536,0.03477531921958595
-0.02402368253390049,-0.06331782117457715,0.042339103903116564
-0.02402722788704559,-0.06331872954553437,0.04233825182153873
0.01895295191530176,-0.018546406623204656,-0.014682508650827271
0.01895536481480195,-0.018545918039656606,-0.014680561184546605
-0.053081676123312785,0.031067478714353402,0.013806488819611915
-0.053081676123312785,0.031067478714353402,0.013806488819611915
-0.053088240627322994,0.031065426897145774,0.013809858878549783
-0.053088240627322994,0.031065426897145774,0.013809858878549783
-0.02402368253390049,-0.06331782117457715,0.042339103903116564
-0.02402722788704559,-0.06331872954553437,0.04233825182153873
0.01576025302346988,-0.06868927174882504,0.0030994447380567436
0.015759122392690124,-0.06868969100129436,0.0031005400765038355
-0.028032542814598285,0.019356441639923436,0.023966122972461444
-0.06963921741170506,0.06712088635153413,0.03790726349639139
-0.028037538942109537,0.019354822850596674,0.023964621246227318
-0.06964327155303324,0.06711921197206705,0.03791224021685363
-0.028037538942109537,0.019354822850596674,0.023964621246227318
-0.028032542814598285,0.019356441639923436,0.023966122972461444
-0.08713704980853346,0.026096256275347965,0.056087059036571685
-0.0871364815112925,0.026096488102732136,0.056086472110826374
-0.011213108424924035,-0.0041159794489252855,0.05364897866002344
-0.011219031713887394,-0.00411733864920177,0.0536475912820867
-0.011219031713887394,-0.00411733864920177,0.0536475912820867
-0.011213108424924035,-0.0041159794489252855,0.05364897866002344
-0.08713704980853346,0.026096256275347965,0.056087059036571685
-0.0736242034218075,-0.014395851331261226,0.007874727007031547
-0.0871364815112925,0.026096488102732136,0.056086472110826374
-0.073623030956662,-0.01439562417379485,0.007876627308693956
-0.018229815513681653,0.008161578708834777,0.02092029566243584
-0.018229815513681653,0.008161578708834777,0.02092029566243584
-0.01824005300976065,0.008171067069437127,0.020920834521923483
0.015906808850637652,0.03201128676778667,-0.022259171236036292
0.015906808850637652,0.03201128676778667,-0.022259171236036292
0.01591518555696775,0.03201397964262227,-0.022260715342142745
0.01591518555696775,0.03201397964262227,-0.022260715342142745
-0.01824005300976065,0.008171067069437127,0.020920834521923483
-0.00856937734236509,0.037239825238047315,-0.00899989270066596
-0.008562880291259336,0.03724195720941963,-0.008999136811759414
0.13550218917981344,0.07282141563033565,-0.04016648524208667
0.06765107509405328,0.07257141732589484,0.030733800684915734
0.13549921973105344,0.07282008742549047,-0.04016419181329473
0.06765753949980718,0.07257343599071867,0.030734167911609638
0.025007886599779316,0.04982836653952711,0.015379573072885577
-0.008562880291259336,0.03724195720941963,-0.008999136811759414
0.02499698833791734,0.04982500023187707,0.015376446977498983
-0.00856937734236509,0.037239825238047315,-0.00899989270066596
0.06765753949980718,0.07257343599071867,0.030734167911609638
0.06765107509405328,0.07257141732589484,0.030733800684915734
0.07357430747746198,-0.005191116796158957,0.0716591204328988
0.0013351926432108115,-0.006689685927537141,0.00806267898206098
0.13549921973105344,0.07282008742549047,-0.04016419181329473
0.07358508749544909,-0.0051893073813933915,0.07166938535844343
0.0013415347770452625,-0.006688382804232422,0.008064748959092344
0.13550218917981344,0.07282141563033565,-0.04016648524208667
0.05717752746948468,0.0421761565618208,0.030052222323267052
0.07533496377070742,0.049850600935026995,0.008825101364344869
0.05717752746948468,0.0421761565618208,0.030052222323267052
0.057179966318762834,0.04217656747824954,0.0300574252341231
0.07533252556636065,0.04985019020216491,0.00881989883301457
0.057179966318762834,0.04217656747824954,0.0300574252341231
0.08537524117387026,0.05533336220483573,-0.024548717699233464
-0.04636028445915997,0.05859053147442423,0.013155469522145531
0.0013351926432108115,-0.006689685927537141,0.00806267898206098
-0.05334265048468076,0.09487541443268609,0.03682973316818319
0.0013415347770452625,-0.006688382804232422,0.008064748959092344
-0.05335225427933835,0.0948726196558872,0.03682738251708524
0.08537461574452308,0.0553334460975275,-0.02455154671519845
-0.04636921130389141,0.058587882741909916,0.013151282033674454
-0.013967856391949427,0.07397728393409547,-0.009794416928284835
0.004811214301097939,-0.015885461521368445,0.05235564188166419
-0.013967856391949427,0.07397728393409547,-0.009794416928284835
-0.013975590884697067,0.07397404155859769,-0.009797857880790243
0.08512208406310733,-0.025244226435999755,0.03223336577256802
-0.04636921130389141,0.058587882741909916,0.013151282033674454
0.025393533619022534,0.07580106027293618,0.0008456813766527741
0.08513587787813993,-0.025252491844222166,0.03223235797693474
-0.04636028445915997,0.05859053147442423,0.013155469522145531
0.025395918217360924,0.0757993150763641,0.0008467634525611643
0.004832971735617225,-0.015878547528906158,0.0523552423134778
-0.013975590884697067,0.07397404155859769,-0.009797857880790243
0.020221560147721085,0.004747074077186721,0.04641557258611699
0.004832971735617225,-0.015878547528906158,0.0523552423134778
0.04868552172168532,0.005046761129568269,0.003959625869505537
0.08513587787813993,-0.025252491844222166,0.03223235797693474
0.04867781229283713,0.005031587908670533,0.003958012328913077
0.08512208406310733,-0.025244226435999755,0.03223336577256802
0.02027910880300307,0.004765041011984186,0.0464155084864066
0.004811214301097939,-0.015885461521368445,0.05235564188166419
0.013901319194852109,0.06294357803113358,0.061179215107616376
0.013904828261366145,0.06294423779065908,0.0611814361735151
0.013901319194852109,0.06294357803113358,0.061179215107616376
0.013904828261366145,0.06294423779065908,0.0611814361735151
0.034947014800773876,0.07407180303116467,0.027523811632490337
0.008883901051508696,0.0742213110253863,-0.04401046419421034
0.034908416026348435,0.07405980813307751,0.02752210681295432
0.034973137338004494,0.06723050023351038,0.0013086567126130173
0.03502385828639358,0.06724617308468725,0.0013103574196795652
0.03502385828639358,0.06724617308468725,0.0013103574196795652
0.034973137338004494,0.06723050023351038,0.0013086567126130173
0.008899674576141513,0.07422392888831336,-0.04401069663939815
0.10153331671110433,0.013868688111308383,0.011111969740899844
0.04480399726134647,0.058856599488488405,0.029862921970671915
0.10153331671110433,0.013868688111308383,0.011111969740899844
0.10153489544616923,0.013868333981118,0.01111228553934301
0.12313249390758402,0.020031639885648534,0.03699968403694353
0.14670188760883635,0.05970145464072285,-0.038009414879679286
0.14670188760883635,0.05970145464072285,-0.038009414879679286
0.12312063829307798,0.02002857216981314,0.03699459431390721
0.14668130815783473,0.059694051964650205,-0.03801341793620758
0.14668130815783473,0.059694051964650205,-0.03801341793620758
0.04479034457202132,0.058851524070953766,0.029865375485432954
0.10153489544616923,0.013868333981118,0.01111228553934301
